,datetime,ema,sma,rsi,close
999,2019-07-02,134.97077,135.49222,63.93971,136.58
998,2019-07-03,135.46862,135.54889,65.82381,137.46001
997,2019-07-05,135.78689,135.55889,64.18224,137.06
996,2019-07-08,136.02152,135.46778,63.75422,136.96001
995,2019-07-09,136.10921,135.80445,61.54405,136.46001
994,2019-07-10,136.45737,136.24,65.16002,137.85001
993,2019-07-11,136.8459,136.71222,66.50217,138.39999
992,2019-07-12,137.25672,137.26111,67.71965,138.89999
991,2019-07-15,137.58537,137.61889,67.71965,138.89999
990,2019-07-16,137.4843,137.67445,58.71146,137.08
989,2019-07-17,137.24144,137.54222,55.19259,136.27
988,2019-07-18,137.07715,137.47111,55.72182,136.42
987,2019-07-19,136.98572,137.43333,56.46026,136.62
986,2019-07-22,137.27457,137.65222,62.5478,138.42999
985,2019-07-23,137.67766,137.81222,65.04831,139.28999
984,2019-07-24,138.28613,138.07,68.7808,140.72
983,2019-07-25,138.6669,138.21333,65.96895,140.19
982,2019-07-26,139.20152,138.48444,68.93639,141.34
981,2019-07-29,139.56722,138.92333,67.23444,141.03
980,2019-07-30,139.72377,139.37666,63.52933,140.35001
979,2019-07-31,139.03302,139.36,46.8477,136.27
978,2019-08-01,138.83842,139.52,52.7141,138.06
977,2019-08-02,138.45073,139.35,48.94409,136.89999
976,2019-08-05,137.20259,138.56333,37.32214,132.21001
975,2019-08-06,136.70007,137.89333,44.78795,134.69
974,2019-08-07,136.41606,137.34778,46.42297,135.28
973,2019-08-08,136.91084,137.07556,55.17069,138.89
972,2019-08-09,137.07068,136.70667,52.17214,137.71001
971,2019-08-12,136.81454,136.2,47.63541,135.78999
970,2019-08-13,137.17163,136.45889,53.94715,138.60001
969,2019-08-14,136.53331,136.00556,44.45884,133.98
968,2019-08-15,135.96264,135.64778,43.91866,133.67999
967,2019-08-16,135.99612,136.08333,49.33284,136.13
966,2019-08-19,136.47889,136.49667,53.80259,138.41
965,2019-08-20,136.63511,136.71667,51.34232,137.25999
964,2019-08-21,137.06609,136.70555,54.33421,138.78999
963,2019-08-22,137.20887,136.71333,52.05859,137.78
962,2019-08-23,136.4451,136.44667,43.52561,133.39
961,2019-08-26,136.24608,136.09666,47.84563,135.45
960,2019-08-27,136.14486,136.29222,48.44355,135.74001
959,2019-08-28,136.02789,136.50111,48.07514,135.56
958,2019-08-29,136.44631,136.72222,53.4922,138.12
957,2019-08-30,136.72905,136.66111,52.88872,137.86
956,2019-09-03,136.59124,136.52555,48.74321,136.03999
955,2019-09-04,136.79899,136.39667,52.26349,137.63
954,2019-09-05,137.44919,136.64889,57.09351,140.05
953,2019-09-06,137.77936,137.28333,54.75152,139.10001
952,2019-09-09,137.72749,137.51333,51.00416,137.52
951,2019-09-10,137.39799,137.55111,47.79354,136.08
950,2019-09-11,137.14239,137.61333,47.89165,136.12
949,2019-09-12,137.21791,137.54667,51.33899,137.52
948,2019-09-13,137.23833,137.48667,50.82174,137.32001
947,2019-09-16,137.05667,137.51889,48.23124,136.33
946,2019-09-17,137.12333,137.49222,51.105,137.39
945,2019-09-18,137.40267,137.32222,54.03438,138.52
944,2019-09-19,138.13613,137.54111,59.87632,141.07001
943,2019-09-20,138.39691,137.75445,55.0592,139.44
942,2019-09-23,138.54553,138.09445,54.19501,139.14
941,2019-09-24,138.31242,138.23445,49.30567,137.38
940,2019-09-25,138.52194,138.43889,54.3007,139.36
939,2019-09-26,138.72555,138.68556,54.73731,139.53999
938,2019-09-27,138.52644,138.84111,49.60495,137.73
937,2019-09-30,138.62715,139.02333,53.01268,139.03
936,2019-10-01,138.31572,138.86222,47.76811,137.07001
935,2019-10-02,137.58258,138.14889,42.21489,134.64999
934,2019-10-03,137.32206,137.79778,46.70874,136.28
933,2019-10-04,137.48165,137.68444,51.31172,138.12
932,2019-10-07,137.40932,137.65555,48.84256,137.12
931,2019-10-08,137.06145,137.24555,45.42892,135.67
930,2019-10-09,137.29716,137.10111,51.85208,138.24001
929,2019-10-10,137.65773,137.25333,53.81124,139.10001
928,2019-10-11,138.06218,137.32555,55.13706,139.67999
927,2019-10-14,138.35975,137.60111,54.75769,139.55
926,2019-10-15,139.0018,138.37,59.4293,141.57001
925,2019-10-16,139.28344,138.82889,55.86207,140.41
924,2019-10-17,139.36475,139.00333,53.7072,139.69
923,2019-10-18,138.9738,139.03556,47.4634,137.41
922,2019-10-21,138.86504,139.34222,50.24988,138.42999
921,2019-10-22,138.36603,139.13445,45.05267,136.37
920,2019-10-23,138.14083,138.92778,47.52133,137.24001
919,2019-10-24,138.50066,138.95667,54.37249,139.94
918,2019-10-25,138.94653,139.08778,56.17528,140.73
917,2019-10-28,139.99522,139.37889,63.05957,144.19
916,2019-10-29,140.56218,139.64778,59.12788,142.83
915,2019-10-30,141.37174,140.19444,62.42959,144.61
914,2019-10-31,141.77139,140.85667,58.86231,143.37
913,2019-11-01,142.16112,141.44444,59.56465,143.72
912,2019-11-04,142.63889,142.35333,61.254,144.55
911,2019-11-05,143.00312,143.15556,60.95662,144.46001
910,2019-11-06,143.21449,143.61333,59.57226,144.06
909,2019-11-07,143.42359,144.00556,60.06065,144.25999
908,2019-11-08,143.93088,144.20222,64.0376,145.96001
907,2019-11-11,144.3667,144.56667,64.37467,146.11
906,2019-11-12,144.90736,144.84,66.53651,147.07001
905,2019-11-13,145.38789,145.27778,67.07441,147.31
904,2019-11-14,145.92231,145.76,68.7642,148.06
903,2019-11-15,146.73185,146.36222,72.61828,149.97
902,2019-11-18,147.45348,147.01556,73.3054,150.34
901,2019-11-19,148.04078,147.71889,73.40255,150.39
900,2019-11-20,148.35663,148.31444,69.22499,149.62
899,2019-11-21,148.5813,148.70555,68.46207,149.48
898,2019-11-22,148.78304,149.09222,68.75346,149.59
897,2019-11-25,149.27243,149.55444,72.78992,151.23
896,2019-11-26,149.82394,150.07889,74.51913,152.03
895,2019-11-27,150.32316,150.55222,75.136,152.32001
894,2019-11-29,150.53453,150.70889,69.2814,151.38
893,2019-12-02,150.33762,150.62111,59.55265,149.55
892,2019-12-03,150.1321,150.50111,58.39449,149.31
891,2019-12-04,150.07568,150.52667,60.26682,149.85001
890,2019-12-05,150.04654,150.57667,60.55002,149.92999
889,2019-12-06,150.38723,150.81667,66.41553,151.75
888,2019-12-09,150.58179,150.83111,64.21233,151.36
887,2019-12-10,150.69143,150.73111,62.88742,151.13
886,2019-12-11,150.89314,150.66222,64.82448,151.7
885,2019-12-12,151.36252,150.86889,69.46215,153.24001
884,2019-12-13,151.99601,151.42222,72.70811,154.53
883,2019-12-16,152.70281,152.11333,74.9325,155.53
882,2019-12-17,153.10025,152.65111,69.78714,154.69
881,2019-12-18,153.3542,153.14444,67.87499,154.37
880,2019-12-19,153.82536,153.58445,71.40786,155.71001
879,2019-12-20,154.54229,154.25667,75.14262,157.41
878,2019-12-23,155.11583,154.95445,75.14262,157.41
877,2019-12-24,155.56867,155.58556,74.94228,157.38
876,2019-12-26,156.18893,156.18889,77.69608,158.67
875,2019-12-27,156.74315,156.68111,78.27414,158.96001
874,2019-12-30,156.91252,156.91,69.15571,157.59
873,2019-12-31,157.07001,157.24445,69.46331,157.7
872,2020-01-02,157.78001,157.93889,76.23764,160.62
871,2020-01-03,157.94801,158.26222,65.51679,158.62
870,2020-01-06,158.16441,158.44222,66.55511,159.03
869,2020-01-07,158.04752,158.46111,59.70781,157.58
868,2020-01-08,158.45602,158.76222,66.1919,160.09
867,2020-01-09,159.18281,159.14222,70.29407,162.09
866,2020-01-10,159.61425,159.40666,67.01046,161.34
865,2020-01-13,160.3474,160.03889,70.80893,163.28
864,2020-01-14,160.70392,160.53111,65.96057,162.13
863,2020-01-15,161.19914,160.81555,68.10774,163.17999
862,2020-01-16,162.19331,161.65444,73.27712,166.17
861,2020-01-17,163.17465,162.55111,74.65329,167.10001
860,2020-01-21,163.83972,163.54222,72.07445,166.5
859,2020-01-22,164.21177,164.16555,68.66837,165.7
858,2020-01-23,164.71342,164.68,70.57755,166.72
857,2020-01-24,164.77873,165.09111,63.69337,165.03999
856,2020-01-27,164.27899,164.98,54.31943,162.28
855,2020-01-28,164.51519,165.35,61.3732,165.46001
854,2020-01-29,165.22015,165.89,65.96506,168.03999
853,2020-01-30,166.73212,166.62444,72.44592,172.78
852,2020-01-31,167.4317,166.97222,65.24779,170.23
851,2020-02-03,168.82136,167.84778,70.40199,174.38
850,2020-02-04,171.08109,169.45,75.75752,180.12
849,2020-02-05,172.84487,170.91444,75.19591,179.89999
848,2020-02-06,175.00189,172.98,78.15303,183.63
847,2020-02-07,176.77952,175.38111,78.3468,183.89
846,2020-02-10,179.16361,177.96333,81.59865,188.7
845,2020-02-11,180.21889,179.78555,71.37507,184.44
844,2020-02-12,181.11711,181.11111,71.61779,184.71001
843,2020-02-13,181.63569,182.60889,69.27487,183.71001
842,2020-02-14,182.37855,183.82778,70.95315,185.35001
841,2020-02-18,183.34884,184.61778,72.78811,187.23
840,2020-02-19,184.13507,185.43778,72.83726,187.28
839,2020-02-20,184.19206,185.52556,65.54501,184.42
838,2020-02-21,183.07165,184.93667,53.73496,178.59
837,2020-02-24,180.63532,182.95778,42.773,170.89
836,2020-02-25,178.12226,181.13889,39.58781,168.07001
835,2020-02-26,176.5318,179.52333,42.99231,170.17
834,2020-02-27,172.86144,176.68667,31.92871,158.17999
833,2020-02-28,170.69115,174.09333,37.4647,162.00999
832,2020-03-02,171.11092,172.48889,49.83171,172.78999
831,2020-03-03,169.79074,169.95889,42.82612,164.50999
830,2020-03-04,169.94259,168.41778,48.51246,170.55
829,2020-03-05,169.20807,167.04889,45.09024,166.27
828,2020-03-06,167.68046,166.01333,41.61826,161.57001
827,2020-03-09,164.26837,164.07444,34.87966,150.62
826,2020-03-10,163.59869,163.04666,44.05558,160.92
825,2020-03-11,161.60496,162.54111,39.78287,153.63
824,2020-03-12,157.09596,159.99111,32.91249,139.06
823,2020-03-13,157.44277,158.44,46.43102,158.83
822,2020-03-16,153.03822,155.20778,36.93911,135.42
821,2020-03-17,151.74457,152.54333,42.92402,146.57001
820,2020-03-18,149.47566,149.66889,40.62628,140.39999
819,2020-03-19,148.12253,147.57333,41.88067,142.71001
818,2020-03-20,145.96802,146.09889,39.78055,137.35001
817,2020-03-23,143.97042,143.32778,39.23893,135.98
816,2020-03-24,144.84433,142.74,46.33751,148.34
815,2020-03-25,145.25947,143.61333,45.67727,146.92
814,2020-03-26,147.42957,143.31111,50.58457,156.11
813,2020-03-27,147.88366,144.89778,47.37022,149.7
812,2020-03-30,150.35293,146.41555,52.68878,160.23
811,2020-03-31,151.82434,148.33889,51.35136,157.71001
810,2020-04-01,151.88147,149.38333,48.41055,152.11
809,2020-04-02,152.55718,151.37333,50.14025,155.25999
808,2020-04-03,152.81174,153.35667,49.33163,153.83
807,2020-04-06,155.30339,155.23778,55.51278,165.27
806,2020-04-07,156.94072,157.07889,54.40075,163.49001
805,2020-04-08,158.57857,158.08111,55.28943,165.13
804,2020-04-09,159.89086,159.79667,55.29514,165.14
803,2020-04-13,161.01469,160.38333,55.52192,165.50999
802,2020-04-14,163.55175,162.16,60.32018,173.7
801,2020-04-15,165.2174,164.35667,58.80208,171.88
800,2020-04-16,167.58192,166.77667,61.74193,177.03999
799,2020-04-17,169.78554,169.52889,62.61061,178.60001
798,2020-04-20,170.84043,170.61667,59.31911,175.06
797,2020-04-21,170.23634,171.09778,53.1634,167.82001
796,2020-04-22,170.89308,172.03,56.95103,173.52
795,2020-04-23,170.99846,172.72778,55.18052,171.42
794,2020-04-24,171.70877,173.73222,57.31074,174.55
793,2020-04-27,172.17702,173.77111,56.84594,174.05
792,2020-04-28,171.70361,173.54111,52.92599,169.81
791,2020-04-29,172.84889,173.58445,58.46878,177.42999
790,2020-04-30,174.12111,173.65222,59.66359,179.21001
789,2020-05-01,174.21089,173.59778,55.20516,174.57001
788,2020-05-04,175.13671,174.82222,58.2938,178.84
787,2020-05-05,176.26137,175.62667,59.64132,180.75999
786,2020-05-06,177.51709,176.86222,60.90252,182.53999
785,2020-05-07,178.73368,177.86778,61.67069,183.60001
784,2020-05-08,179.92294,179.04889,62.47954,184.67999
783,2020-05-11,181.28635,180.93,64.03842,186.74001
782,2020-05-12,181.53108,181.49444,58.64992,182.50999
781,2020-05-13,181.17486,181.55444,55.37578,179.75
780,2020-05-14,181.04589,182.21666,56.12129,180.53
779,2020-05-15,181.46871,182.69667,58.63091,183.16
778,2020-05-18,182.15697,183.15778,60.25965,184.91
777,2020-05-19,182.45158,183.27889,58.44708,183.63
776,2020-05-20,183.09326,183.50778,60.47749,185.66
775,2020-05-21,183.16061,183.36889,57.17253,183.42999
774,2020-05-22,183.23049,183.01,57.26276,183.50999
773,2020-05-26,182.89839,182.90556,54.2765,181.57001
772,2020-05-27,182.68071,183.13445,54.59197,181.81
771,2020-05-28,182.42457,183.23111,53.90766,181.39999
770,2020-05-29,182.58965,183.24111,56.55402,183.25
769,2020-06-01,182.63772,183.01,55.77115,182.83
768,2020-06-02,183.09218,183.15222,58.81201,184.91
767,2020-06-03,183.54574,183.11889,59.46138,185.36
766,2020-06-04,183.42059,183.06222,54.44867,182.92
765,2020-06-05,184.17648,183.47222,60.70616,187.2
764,2020-06-08,185.01318,184.22667,62.22095,188.36
763,2020-06-09,185.97054,185.11444,64.07252,189.8
762,2020-06-10,188.14444,186.83,71.44167,196.84
761,2020-06-11,187.76955,187.16556,53.64906,186.27
760,2020-06-12,187.76364,187.71111,55.31581,187.74001
759,2020-06-15,187.99891,188.15889,56.6851,188.94
758,2020-06-16,189.11313,189.07111,61.57741,193.57001
757,2020-06-17,190.13851,190.32889,62.24201,194.24001
756,2020-06-18,191.37481,191.34223,64.30618,196.32001
755,2020-06-19,192.12984,192.09667,62.24483,195.14999
754,2020-06-22,193.81788,193.29334,67.45008,200.57001
753,2020-06-23,195.4363,193.85667,68.6026,201.91
752,2020-06-24,195.91704,195.14223,61.48193,197.84
751,2020-06-25,196.80163,196.54222,63.9567,200.34
750,2020-06-26,196.70731,197.36334,57.56764,196.33
749,2020-06-29,197.05385,197.90445,59.84095,198.44
748,2020-06-30,198.34508,198.93444,64.7305,203.50999
747,2020-07-01,199.61606,199.86555,65.78354,204.7
746,2020-07-02,200.94485,201.1,67.16746,206.25999
745,2020-07-06,202.89588,202.22555,70.78881,210.7
744,2020-07-07,203.9667,202.93,66.43443,208.25
743,2020-07-08,205.73936,204.59555,70.13303,212.83
742,2020-07-09,207.45549,206.14889,71.24321,214.32001
741,2020-07-10,208.69839,208.07555,70.02045,213.67
740,2020-07-13,208.37272,209.03444,58.95592,207.07001
739,2020-07-14,208.36817,209.57222,60.26723,208.35001
738,2020-07-15,208.30254,209.94333,59.76916,208.03999
737,2020-07-16,207.42603,209.68333,53.44743,203.92
736,2020-07-17,206.51682,208.81445,51.95362,202.88
735,2020-07-20,207.53346,209.18667,61.63563,211.60001
734,2020-07-21,207.77677,208.73334,57.55347,208.75
733,2020-07-22,208.57141,208.44778,60.51776,211.75
732,2020-07-23,207.36513,207.21111,49.16593,202.53999
731,2020-07-24,206.15211,206.57,47.86415,201.3
730,2020-07-27,205.69169,206.07,50.75196,203.85001
729,2020-07-28,204.95735,205.40111,48.66854,202.02
728,2020-07-29,204.77788,205.41667,51.07943,204.06
727,2020-07-30,204.6023,205.53,50.87759,203.89999
726,2020-07-31,204.68384,204.79778,52.28617,205.00999
725,2020-08-03,207.05507,205.66333,63.8742,216.53999
724,2020-08-04,208.30206,205.83444,59.48852,213.28999
723,2020-08-05,209.22964,206.99,59.01856,212.94
722,2020-08-06,210.65372,208.66222,62.15553,216.35001
721,2020-08-07,211.01897,209.62111,56.83807,212.48
720,2020-08-10,210.46518,210.31333,51.63802,208.25
719,2020-08-11,209.04814,210.23778,46.37729,203.38
718,2020-08-12,209.07652,210.82555,52.58365,209.19
717,2020-08-13,209.00121,211.23556,52.03662,208.7
716,2020-08-14,208.98097,210.38667,52.25494,208.89999
715,2020-08-17,209.24077,210.05222,53.81703,210.28
714,2020-08-18,209.69062,209.89111,55.20104,211.49001
713,2020-08-19,209.6925,209.15222,52.68568,209.7
712,2020-08-20,210.67,209.38556,58.26864,214.58
711,2020-08-21,211.14,209.91556,55.99406,213.02
710,2020-08-24,211.65,211.06111,56.7745,213.69
709,2020-08-25,212.614,211.87,59.94849,216.47
708,2020-08-26,214.3212,213.25333,64.65385,221.14999
707,2020-08-27,216.77296,215.21778,69.17834,226.58
706,2020-08-28,219.20037,217.28778,70.89968,228.91
705,2020-08-31,220.46629,218.84778,65.21022,225.53
704,2020-09-01,221.82704,220.8,66.69203,227.27
703,2020-09-02,223.79163,222.69667,70.13982,231.64999
702,2020-09-03,222.4933,223.17222,51.37615,217.3
701,2020-09-04,220.84464,223.23444,48.41175,214.25
700,2020-09-08,217.20771,221.7,39.1641,202.66
699,2020-09-09,216.02417,220.60444,47.24494,211.28999
698,2020-09-10,213.89334,218.24778,43.02317,205.37
697,2020-09-11,211.92067,215.48333,42.10599,204.03
696,2020-09-14,210.61854,213.24778,43.44319,205.41
695,2020-09-15,210.25083,211.19333,46.68188,208.78
694,2020-09-16,209.21066,208.23778,43.6991,205.05
693,2020-09-17,207.95053,206.63889,42.03944,202.91
692,2020-09-18,206.43842,205.09889,40.10771,200.39
691,2020-09-21,205.65874,205.08555,42.53389,202.53999
690,2020-09-22,206.01099,204.65555,47.71145,207.42
689,2020-09-23,204.92679,204.12444,42.00692,200.59
688,2020-09-24,204.57943,204.03111,44.71667,203.19
687,2020-09-25,205.22755,204.29889,49.26309,207.82001
686,2020-09-28,206.07004,204.37222,50.78807,209.44
685,2020-09-29,206.30803,204.61778,48.66818,207.25999
684,2020-09-30,207.11242,205.44222,51.72413,210.33
683,2020-10-01,208.18194,206.78333,53.7801,212.46001
682,2020-10-02,207.78355,207.18889,47.38304,206.19
681,2020-10-05,208.30284,207.51778,51.53205,210.38
680,2020-10-06,207.82428,208.10889,47.25139,205.91
679,2020-10-07,208.22542,208.84667,51.08852,209.83
678,2020-10-08,208.69634,209.15334,51.81081,210.58
677,2020-10-09,210.11907,209.86111,56.62137,215.81
676,2020-10-12,212.37525,211.43222,61.0921,221.39999
675,2020-10-13,214.4722,212.82445,62.18822,222.86
674,2020-10-14,215.74976,213.75778,59.70678,220.86
673,2020-10-15,216.53181,215.25445,58.20607,219.66
672,2020-10-16,217.15745,216.28556,58.20607,219.66
671,2020-10-19,216.56996,217.20889,51.41202,214.22
670,2020-10-20,216.18597,217.74444,51.89004,214.64999
669,2020-10-21,215.90877,218.21333,52.06721,214.8
668,2020-10-22,215.70502,218.11111,52.18098,214.89
667,2020-10-23,215.81001,217.53667,53.93427,216.23
666,2020-10-26,214.66401,216.11667,45.65977,210.08
665,2020-10-27,214.38121,215.27111,49.92432,213.25
664,2020-10-28,212.04097,213.38444,38.94838,202.67999
663,2020-10-29,210.57677,211.72444,41.61624,204.72
662,2020-10-30,208.95542,210.41889,39.56277,202.47
661,2020-11-02,207.63034,209.05,39.43239,202.33
660,2020-11-03,207.39027,208.12,45.1348,206.42999
659,2020-11-04,209.19021,208.28667,55.97782,216.39
658,2020-11-05,212.01017,209.07111,61.63458,223.28999
657,2020-11-06,214.35214,210.58666,61.96261,223.72
656,2020-11-09,215.15971,211.15778,55.61505,218.39
655,2020-11-10,214.32977,212.08333,48.2454,211.00999
654,2020-11-11,214.77381,213.39778,53.25318,216.55
653,2020-11-12,214.90705,214.83889,52.16408,215.44
652,2020-11-13,215.22764,216.41444,53.15856,216.50999
651,2020-11-16,215.62811,217.61444,53.85376,217.23
650,2020-11-17,215.39449,217.4,50.73407,214.46001
649,2020-11-18,214.53159,216.04333,47.14522,211.08
648,2020-11-19,214.10927,214.78778,48.69471,212.42
647,2020-11-20,213.36542,213.89889,46.47204,210.39
646,2020-11-23,212.71434,213.79889,46.15908,210.11
645,2020-11-24,212.94347,213.5,50.92576,213.86
644,2020-11-25,213.12877,213.32555,50.93823,213.87
643,2020-11-27,213.54902,213.18333,52.69915,215.23
642,2020-11-30,213.65322,212.83222,51.0172,214.07001
641,2020-12-01,214.16457,213.02667,53.93796,216.21001
640,2020-12-02,214.40566,213.50333,52.61181,215.37
639,2020-12-03,214.37253,213.70556,50.80233,214.24001
638,2020-12-04,214.37002,214.14667,50.99507,214.36
637,2020-12-07,214.35402,214.61111,50.86986,214.28999
636,2020-12-08,214.68521,214.85,53.86708,216.00999
635,2020-12-09,214.10817,214.62,46.40481,211.8
634,2020-12-10,213.39054,214.09667,44.39128,210.52
633,2020-12-11,213.36443,214.00667,49.44788,213.25999
632,2020-12-14,213.53154,213.78333,51.091,214.2
631,2020-12-15,213.65123,213.64556,50.95818,214.13
630,2020-12-16,214.77699,214.20555,59.33481,219.28
629,2020-12-17,215.70559,214.76778,59.53714,219.42
628,2020-12-18,216.28247,215.24555,57.70405,218.59
627,2020-12-21,217.54398,215.97667,63.53152,222.59
626,2020-12-22,218.82318,217.32555,65.27067,223.94
625,2020-12-23,219.26255,218.49222,58.74503,221.02
624,2020-12-24,219.96004,219.54667,61.21888,222.75
623,2020-12-28,220.96003,220.74222,64.17433,224.96001
622,2020-12-29,221.59802,221.85556,62.3003,224.14999
621,2020-12-30,221.61442,222.12222,56.84868,221.67999
620,2020-12-31,221.77553,222.45555,58.03352,222.42
619,2021-01-04,220.95843,222.35556,48.80842,217.69
618,2021-01-05,220.34674,221.83444,49.19454,217.89999
617,2021-01-06,218.72739,220.53555,40.37121,212.25
616,2021-01-07,218.63991,220.23222,50.57644,218.28999
615,2021-01-08,218.83593,219.88444,52.50407,219.62
614,2021-01-11,218.56674,219.05444,49.1949,217.49001
613,2021-01-12,217.83939,218.03,45.48435,214.92999
612,2021-01-13,217.53951,217.43666,47.81885,216.34
611,2021-01-14,216.63561,216.39222,43.13499,213.02
610,2021-01-15,215.83849,215.83222,42.63378,212.64999
609,2021-01-19,215.95879,215.67,49.15129,216.44
608,2021-01-20,217.63503,217.01333,59.48417,224.34
607,2021-01-21,219.10203,217.75555,60.17912,224.97
606,2021-01-22,220.47162,218.45889,61.29137,225.95
605,2021-01-25,222.2833,219.79666,65.12372,229.53
604,2021-01-26,224.29264,221.73,67.80822,232.33
603,2021-01-27,226.01411,223.57,68.34242,232.89999
602,2021-01-28,228.59729,226.44889,73.3759,238.92999
601,2021-01-29,229.26983,228.59444,61.25275,231.96001
600,2021-02-01,231.34586,231.17333,67.611,239.64999
599,2021-02-02,232.97869,232.85889,67.39418,239.50999
598,2021-02-03,234.98295,234.86222,69.97882,243.0
597,2021-02-04,236.38836,236.64666,68.32428,242.00999
596,2021-02-05,237.55069,238.05444,68.47832,242.2
595,2021-02-08,238.53455,239.18111,68.71117,242.47
594,2021-02-09,239.58164,240.38889,69.86542,243.77
593,2021-02-10,240.22931,240.82111,67.89434,242.82001
592,2021-02-11,241.08145,242.21333,69.52215,244.49001
591,2021-02-12,241.86316,242.80667,70.01239,244.99001
590,2021-02-16,242.23053,243.27222,67.01727,243.7
589,2021-02-17,242.62442,243.40556,67.5959,244.2
588,2021-02-18,242.85754,243.60333,66.56466,243.78999
587,2021-02-19,242.48003,243.46667,59.80643,240.97
586,2021-02-22,240.88602,242.58222,47.82709,234.50999
585,2021-02-23,239.36282,241.41556,45.92553,233.27
584,2021-02-24,238.40026,240.49667,48.2144,234.55
583,2021-02-25,236.51821,238.77444,40.24555,228.99001
582,2021-02-26,235.69057,237.37333,46.09552,232.38
581,2021-03-01,235.94045,236.62222,52.79067,236.94
580,2021-03-02,235.52636,235.47444,48.42948,233.87
579,2021-03-03,233.93309,233.67111,40.94265,227.56
578,2021-03-04,232.49247,232.08889,40.06526,226.73
577,2021-03-05,232.31398,231.76556,47.21313,231.60001
576,2021-03-08,231.32918,231.11222,42.49496,227.39
575,2021-03-09,231.81935,231.02667,50.56934,233.78
574,2021-03-10,231.93948,231.40778,48.99262,232.42
573,2021-03-11,232.97758,231.93556,54.30627,237.13
572,2021-03-12,233.53207,231.80333,52.57801,235.75
571,2021-03-15,233.78765,231.90778,51.37859,234.81
570,2021-03-16,234.57212,233.03556,54.80409,237.71001
569,2021-03-17,235.0657,234.18111,53.85996,237.03999
568,2021-03-18,234.19656,234.08333,45.8383,230.72
567,2021-03-19,233.42725,234.41222,45.41189,230.35001
566,2021-03-22,233.9398,234.65778,52.64372,235.99001
565,2021-03-23,234.66784,235.23111,54.47479,237.58
564,2021-03-24,234.82627,235.04556,51.60943,235.46001
563,2021-03-25,234.32902,234.66667,47.63803,232.34
562,2021-03-26,234.75921,234.85222,52.82545,236.48
561,2021-03-29,234.85537,234.57778,51.18968,235.24001
560,2021-03-30,234.2543,234.00111,46.91274,231.85001
559,2021-03-31,234.55744,234.56223,51.91568,235.77
558,2021-04-01,236.11595,235.89556,58.91483,242.35001
557,2021-04-05,238.70676,237.34889,64.58456,249.07001
556,2021-04-06,240.53741,238.49111,62.90134,247.86
555,2021-04-07,242.40993,240.09556,64.57751,249.89999
554,2021-04-08,244.57794,242.41889,67.19843,253.25
553,2021-04-09,246.83235,244.57111,69.10883,255.85001
552,2021-04-12,248.64788,246.86778,69.15347,255.91
551,2021-04-13,250.61631,249.82778,71.08848,258.48999
550,2021-04-14,251.61104,252.03,66.07136,255.59
549,2021-04-15,253.18884,253.93556,69.22504,259.5
548,2021-04-16,254.69907,255.23222,70.17194,260.73999
547,2021-04-19,255.50725,256.44111,66.61191,258.73999
546,2021-04-20,256.0578,257.37,65.7498,258.26001
545,2021-04-21,256.96224,258.18444,67.91155,260.57999
544,2021-04-22,257.00379,258.33111,61.74303,257.17001
543,2021-04-23,257.83303,258.91333,65.66325,261.14999
542,2021-04-26,258.57642,259.25333,66.03989,261.54999
541,2021-04-27,259.25514,259.96222,66.45597,261.97
540,2021-04-28,258.31611,259.41333,53.90735,254.56
539,2021-04-29,257.15489,258.49889,51.03617,252.50999
538,2021-04-30,256.15991,257.77,50.56924,252.17999
537,2021-05-03,255.29993,257.05889,50.09069,251.86
536,2021-05-04,253.79794,255.63777,44.34278,247.78999
535,2021-05-05,252.33235,254.44888,42.63407,246.47
534,2021-05-06,251.81188,253.18,47.96689,249.73
533,2021-05-07,251.94151,252.17,51.99175,252.46001
532,2021-05-10,250.9892,250.52666,44.77757,247.17999
531,2021-05-11,250.03736,249.60111,43.6052,246.23
530,2021-05-12,247.82989,248.1,35.90127,239.0
529,2021-05-13,246.86991,247.08333,42.04736,243.03
528,2021-05-14,247.12593,246.67111,48.76841,248.14999
527,2021-05-17,246.73674,246.38111,45.47385,245.17999
526,2021-05-18,246.00539,246.00444,43.2491,243.08
525,2021-05-19,245.42831,245.27,43.30599,243.12
524,2021-05-20,245.63865,244.60555,48.0202,246.48
523,2021-05-21,245.54492,244.38222,46.40023,245.17
522,2021-05-24,246.59194,244.88777,53.61668,250.78
521,2021-05-25,247.61755,246.30111,54.71682,251.72
520,2021-05-26,248.39204,247.24111,54.37698,251.49001
519,2021-05-27,248.57563,247.37,51.13509,249.31
518,2021-05-28,248.7965,247.87,51.66183,249.67999
517,2021-06-01,248.5172,248.35,48.21289,247.39999
516,2021-06-02,248.27376,248.81444,48.06135,247.3
515,2021-06-03,247.76101,248.72889,45.6066,245.71001
514,2021-06-04,248.36681,249.35333,53.73675,250.78999
513,2021-06-07,249.45545,249.69,57.77719,253.81
512,2021-06-08,250.07836,249.78444,55.62892,252.57001
511,2021-06-09,250.78069,250.01778,57.0438,253.59
510,2021-06-10,252.07255,250.89889,61.74482,257.23999
509,2021-06-11,253.23604,251.81111,62.53124,257.89001
508,2021-06-14,254.56684,253.19889,64.92072,259.89001
507,2021-06-15,255.32547,254.42778,61.68006,258.35999
506,2021-06-16,255.73637,255.72444,59.62703,257.38
505,2021-06-17,256.7691,256.84778,64.23225,260.89999
504,2021-06-18,257.30128,257.47222,61.09791,259.42999
503,2021-06-21,258.36702,258.59,65.09133,262.63
502,2021-06-22,259.79562,259.91445,68.25026,265.51001
501,2021-06-23,260.89149,260.80722,67.71179,265.27499
500,2021-06-24,262.0512,261.785,69.28316,266.69
499,2021-06-25,262.64495,262.355,65.24725,265.01999
498,2021-06-28,263.85996,263.50611,69.48808,268.72
497,2021-06-29,265.36797,265.06389,72.13999,271.39999
496,2021-06-30,266.47437,266.175,70.90186,270.89999
495,2021-07-01,267.4995,267.52722,71.63583,271.60001
494,2021-07-02,269.5296,269.19611,77.02886,277.64999
493,2021-07-06,271.15568,270.54611,77.03664,277.66
492,2021-07-07,272.91054,272.17444,78.79083,279.92999
491,2021-07-08,273.81244,273.36667,72.22124,277.42001
490,2021-07-09,274.63795,274.80222,72.72856,277.94
489,2021-07-12,275.17436,275.75778,71.06214,277.32001
488,2021-07-13,276.33549,276.82222,74.74144,280.98001
487,2021-07-14,277.5704,278.11223,76.10895,282.51001
486,2021-07-15,278.26232,279.16,72.04558,281.03
485,2021-07-16,278.75985,279.50445,71.27034,280.75
484,2021-07-19,278.40988,279.43223,61.71746,277.01001
483,2021-07-20,278.59191,279.36445,64.85119,279.32001
482,2021-07-21,279.15353,279.80667,67.43603,281.39999
481,2021-07-22,280.55082,280.71778,72.4146,286.14001
480,2021-07-23,282.37466,282.09001,75.42758,289.67001
479,2021-07-26,283.70973,282.98667,73.90077,289.04999
478,2021-07-27,284.27578,283.43445,67.90809,286.54001
477,2021-07-28,284.66463,284.01112,67.16033,286.22
476,2021-07-29,285.0317,284.65,67.49757,286.5
475,2021-07-30,285.00736,285.52778,63.50919,284.91
474,2021-08-02,284.96989,286.13889,63.28126,284.82001
473,2021-08-03,285.39991,286.77445,66.5821,287.12
472,2021-08-04,285.62193,286.81556,64.91538,286.51001
471,2021-08-05,286.40154,286.79889,69.03457,289.51999
470,2021-08-06,287.01323,286.84445,68.86102,289.45999
469,2021-08-09,287.27658,287.04333,65.52013,288.32999
468,2021-08-10,287.10927,287.06778,60.25459,286.44
467,2021-08-11,287.07742,287.11778,61.16165,286.95001
466,2021-08-12,287.62393,287.66222,65.86604,289.81
465,2021-08-13,288.66915,288.55444,70.02258,292.85001
464,2021-08-16,289.85532,289.38556,72.12675,294.60001
463,2021-08-17,290.50025,290.11555,67.68288,293.07999
462,2021-08-18,290.5462,290.25,61.3859,290.73001
461,2021-08-19,291.79096,291.06222,69.29344,296.76999
460,2021-08-20,294.30477,292.84333,75.95663,304.35999
459,2021-08-23,296.37381,294.86667,76.16941,304.64999
458,2021-08-24,297.62305,296.60777,71.40569,302.62
457,2021-08-25,298.50044,297.96333,69.98922,302.01001
456,2021-08-26,298.61835,298.65666,63.49588,299.09
455,2021-08-27,298.83868,299.22555,64.26618,299.72
454,2021-08-30,299.78894,300.39333,68.6434,303.59
453,2021-08-31,300.20716,301.63222,64.86262,301.88
452,2021-09-01,300.53172,302.19444,64.75028,301.82999
451,2021-09-02,300.65538,301.83778,63.14896,301.14999
450,2021-09-03,300.7523,301.44778,63.12429,301.14001
449,2021-09-07,300.63784,301.17667,60.66859,300.17999
448,2021-09-08,300.55227,300.97666,60.72002,300.20999
447,2021-09-09,299.89182,300.77222,53.31332,297.25
446,2021-09-10,299.05545,300.32666,49.90269,295.70999
445,2021-09-13,298.64236,299.59333,52.61601,296.98999
444,2021-09-14,298.87189,299.36111,57.97771,299.79001
443,2021-09-15,300.06151,299.69333,65.52466,304.82001
442,2021-09-16,301.09321,300.14556,66.04686,305.22
441,2021-09-17,300.84857,300.00444,54.21757,299.87
440,2021-09-20,299.53885,299.35111,45.15071,294.29999
439,2021-09-21,298.59108,298.75,46.02332,294.79999
438,2021-09-22,298.58886,298.89777,52.21299,298.57999
437,2021-09-23,298.78309,299.32555,53.69554,299.56
436,2021-09-24,298.89647,299.58778,53.31386,299.35001
435,2021-09-27,297.95118,298.96333,44.84571,294.17001
434,2021-09-28,295.06494,296.59666,33.17762,283.51999
433,2021-09-29,292.85195,294.23888,34.01099,284.0
432,2021-09-30,290.66557,292.24444,32.14048,281.92001
431,2021-10-01,290.35245,291.66667,43.65937,289.10001
430,2021-10-04,288.90396,290.36778,37.8821,283.10999
429,2021-10-05,288.87517,289.27667,45.24241,288.76001
428,2021-10-06,289.72213,288.56,50.14073,293.10999
427,2021-10-07,290.74771,288.06,51.99076,294.85001
426,2021-10-08,291.56817,288.13556,51.99076,294.85001
425,2021-10-11,292.10054,289.32556,51.20561,294.23001
424,2021-10-12,292.25643,290.31223,49.45429,292.88
423,2021-10-13,293.06714,291.91111,53.77965,296.31
422,2021-10-14,295.00371,293.42778,60.59739,302.75
421,2021-10-15,296.84497,295.77222,61.96706,304.20999
420,2021-10-18,298.93398,297.83111,64.7508,307.29001
419,2021-10-19,300.79318,299.51112,65.57884,308.23001
418,2021-10-20,302.11655,300.90667,64.16285,307.41
417,2021-10-21,303.84524,302.67445,67.27192,310.76001
416,2021-10-22,304.90819,304.33334,64.39828,309.16
415,2021-10-25,305.55256,306.02778,62.54604,308.13
414,2021-10-26,306.46404,307.56111,64.65084,310.10999
413,2021-10-27,309.80524,309.83,74.73602,323.17001
412,2021-10-28,312.71419,312.06778,75.41842,324.35001
411,2021-10-29,316.49535,314.77111,79.15426,331.62
410,2021-11-01,319.07028,317.12,75.3381,329.37
409,2021-11-02,321.88222,319.97778,77.30705,333.13
408,2021-11-03,324.30578,322.56,77.7497,334.0
407,2021-11-04,326.73262,325.59111,78.98763,336.44
406,2021-11-05,328.5981,328.69444,78.25738,336.06
405,2021-11-08,330.27648,331.68111,78.77457,336.98999
404,2021-11-09,331.41118,333.10111,76.58084,335.95001
403,2021-11-10,331.28894,333.81778,66.67822,330.79999
402,2021-11-11,331.51715,333.90778,68.08489,332.42999
401,2021-11-12,332.55772,334.72444,71.49548,336.72
400,2021-11-15,333.26018,335.05111,70.27019,336.07001
399,2021-11-16,334.51015,335.66333,72.91572,339.51001
398,2021-11-17,335.43212,335.96111,72.13201,339.12
397,2021-11-18,336.59969,336.54,73.80356,341.26999
396,2021-11-19,337.90175,337.22,75.17586,343.10999
395,2021-11-22,338.2874,337.65111,68.30656,339.82999
394,2021-11-23,338.16592,338.41555,64.16754,337.67999
393,2021-11-24,338.11473,339.02444,64.41596,337.91
392,2021-11-26,336.42779,338.24222,50.83552,329.67999
391,2021-11-29,336.46823,338.30444,58.74529,336.63
390,2021-11-30,335.29258,337.31333,51.05739,330.59
389,2021-12-01,334.25006,336.30888,50.45693,330.07999
388,2021-12-02,333.29805,334.99999,49.72834,329.48999
387,2021-12-03,331.24044,332.76666,42.47407,323.01001
386,2021-12-06,330.23035,331.25111,46.5916,326.19
385,2021-12-07,331.16829,330.94444,55.91966,334.92001
384,2021-12-08,331.92863,330.61778,55.96708,334.97
383,2021-12-09,332.1629,330.99778,53.64212,333.10001
382,2021-12-10,334.23832,331.65445,62.18274,342.54001
381,2021-12-13,335.27066,332.63333,58.33306,339.39999
380,2021-12-14,333.88453,332.44,47.23956,328.34
379,2021-12-15,334.03762,333.01334,52.75942,334.64999
378,2021-12-16,332.21009,333.22333,44.93634,324.89999
377,2021-12-17,330.52807,332.95778,44.14111,323.79999
376,2021-12-20,328.40446,331.29,41.35401,319.91
375,2021-12-21,328.18157,330.43667,48.05511,327.29001
374,2021-12-22,329.18526,330.44778,52.71472,333.20001
373,2021-12-23,330.28621,329.57555,53.83897,334.69
372,2021-12-27,332.71897,329.91445,59.27035,342.45001
371,2021-12-28,334.42517,331.34889,58.13128,341.25
370,2021-12-29,335.93014,332.16,58.63073,341.95001
369,2021-12-30,336.60811,333.76223,55.93114,339.32001
368,2021-12-31,336.55049,335.15334,52.93694,336.32001
367,2022-01-03,336.19039,336.80223,51.38655,334.75
366,2022-01-04,334.75432,336.99334,46.07368,329.01001
365,2022-01-05,331.07946,335.12445,37.00712,316.38
364,2022-01-06,327.63957,332.81223,35.51724,313.88
363,2022-01-07,324.91965,329.65556,35.69568,314.04001
362,2022-01-10,322.78972,326.65778,35.96994,314.26999
361,2022-01-11,321.22778,323.66112,36.86522,314.98001
360,2022-01-12,320.63622,321.32222,40.98296,318.26999
359,2022-01-13,317.46897,317.82,31.8296,304.79999
358,2022-01-14,316.01518,315.09222,37.82484,310.20001
357,2022-01-18,313.34214,312.16333,33.40183,302.64999
356,2022-01-19,311.33971,310.71333,34.1487,303.32999
355,2022-01-20,309.39177,309.34889,33.13073,301.60001
354,2022-01-21,306.71942,307.34777,30.02706,296.03
353,2022-01-24,304.64953,305.35889,30.45532,296.37
352,2022-01-25,301.41762,302.41555,26.41942,288.48999
351,2022-01-26,300.4761,300.02,35.95397,296.70999
350,2022-01-27,300.34888,299.46889,39.18545,299.84
349,2022-01-28,301.9311,299.25333,46.94114,308.26001
348,2022-01-31,303.74089,300.17889,49.19516,310.98001
347,2022-02-01,304.74471,300.78222,47.42436,308.76001
346,2022-02-02,306.48777,302.1,51.41191,313.45999
345,2022-02-03,305.44021,302.68,42.41241,301.25
344,2022-02-04,305.54017,303.74333,46.30076,305.94
343,2022-02-07,304.62214,305.12778,42.9759,300.95001
342,2022-02-08,304.60971,306.0,45.99718,304.56
341,2022-02-09,305.92977,307.26334,51.13342,311.20999
340,2022-02-10,305.21981,306.61,45.01165,302.38
339,2022-02-11,303.18385,304.83889,40.65451,295.04001
338,2022-02-14,301.54708,303.31,40.63142,295.0
337,2022-02-15,301.33167,301.86667,45.21255,300.47
336,2022-02-16,300.96533,301.67222,44.55596,299.5
335,2022-02-17,298.91827,299.98223,39.0363,290.73001
334,2022-02-18,296.72061,298.53556,37.44151,287.92999
333,2022-02-22,294.92049,296.66445,37.31837,287.72
332,2022-02-23,291.99039,293.22667,33.15265,280.26999
331,2022-02-24,292.51031,292.36111,45.69968,294.59
330,2022-02-25,293.47025,292.61333,47.70742,297.31
329,2022-02-28,294.5342,293.03444,48.81638,298.79001
328,2022-03-01,294.61736,292.42111,46.08557,294.95001
327,2022-03-02,295.73189,292.49778,50.18105,300.19
326,2022-03-03,295.76952,293.07445,47.04492,295.92001
325,2022-03-04,294.58761,293.28889,42.94307,289.85999
324,2022-03-07,291.45209,292.31,36.71401,278.91
323,2022-03-08,288.33167,291.81889,35.17835,275.85001
322,2022-03-09,288.36534,291.14223,45.3543,288.5
321,2022-03-10,287.81027,289.84,43.65648,285.59
320,2022-03-11,286.26222,287.76,40.55515,280.07001
319,2022-03-14,284.29777,285.70334,38.61255,276.44
318,2022-03-15,284.86822,284.25445,46.72134,287.14999
317,2022-03-16,286.77258,284.08445,51.39535,294.39001
316,2022-03-17,288.46206,284.68,51.91613,295.22
315,2022-03-18,290.85565,287.07111,55.16367,300.42999
314,2022-03-21,292.51652,289.66111,54.20267,299.16
313,2022-03-22,294.82521,291.39,57.29396,304.06
312,2022-03-23,295.75817,292.93444,53.65626,299.48999
311,2022-03-24,297.42654,295.60444,56.64654,304.10001
310,2022-03-25,298.67723,298.63111,56.29017,303.67999
309,2022-03-28,301.08179,301.24778,60.73624,310.70001
308,2022-03-29,303.94743,303.58333,63.4244,315.41
307,2022-03-30,305.92994,305.65444,61.92192,313.85999
306,2022-03-31,306.40595,306.53,56.739,308.31
305,2022-04-01,307.00876,307.67,57.50511,309.42001
304,2022-04-04,308.60101,308.88222,61.20443,314.97
303,2022-04-05,309.05681,310.14778,57.24921,310.88
302,2022-04-06,307.14545,309.63667,47.96194,299.5
301,2022-04-07,305.99036,309.38,49.41415,301.37
300,2022-04-08,304.18629,307.85444,46.15065,296.97
299,2022-04-11,300.40103,304.50445,38.8053,285.26001
298,2022-04-12,296.73282,300.97111,37.069,282.06
297,2022-04-13,294.91026,298.67222,41.9307,287.62
296,2022-04-14,291.8942,295.38444,37.55327,279.82999
295,2022-04-18,289.61936,291.55666,38.169,280.51999
294,2022-04-19,288.75549,288.71444,42.40566,285.29999
293,2022-04-20,288.27639,287.25444,43.33293,286.35999
292,2022-04-21,286.78311,284.96999,39.72647,280.81
291,2022-04-22,284.23249,282.42111,35.80598,274.03
290,2022-04-25,283.52999,281.91666,41.89891,280.72
289,2022-04-26,280.86799,280.6011,36.10644,270.22
288,2022-04-27,281.33839,280.11222,46.05096,283.22
287,2022-04-28,282.99672,281.20111,50.16931,289.63
286,2022-04-29,281.90137,280.86777,43.42482,277.51999
285,2022-05-02,282.4151,280.77555,47.76491,284.47
284,2022-05-03,282.28808,280.26667,46.28491,281.78
283,2022-05-04,283.82646,281.28556,51.24428,289.98001
282,2022-05-05,282.53117,281.65445,44.43869,277.35001
281,2022-05-06,280.97094,280.98889,43.15824,274.73001
280,2022-05-09,277.69275,280.36222,38.52677,264.57999
279,2022-05-10,276.0542,278.83778,41.78779,269.5
278,2022-05-11,272.95336,275.60667,37.85392,260.54999
277,2022-05-12,269.43269,273.14333,35.74826,255.35001
276,2022-05-13,267.77015,270.54889,39.75297,261.12
275,2022-05-16,266.51612,268.29556,40.01813,261.5
274,2022-05-17,266.5769,265.72222,43.75058,266.82001
273,2022-05-18,264.07752,263.13667,37.70047,254.08
272,2022-05-19,261.89001,260.73778,37.29071,253.14
271,2022-05-20,260.02401,259.40222,37.02333,252.56
270,2022-05-23,260.14921,258.41889,43.14678,260.64999
269,2022-05-24,260.04336,258.31556,42.57912,259.62
268,2022-05-25,260.53869,259.11222,44.78187,262.51999
267,2022-05-26,261.61095,259.64333,47.3185,265.89999
266,2022-05-27,263.93676,260.94777,52.42919,273.23999
265,2022-05-31,265.52341,261.50888,51.42639,271.87
264,2022-06-01,266.90273,263.54666,51.82478,272.42001
263,2022-06-02,268.43818,265.92888,53.43981,274.57999
262,2022-06-03,268.75454,267.86888,49.6552,270.01999
261,2022-06-06,268.75363,268.76888,48.6224,268.75
260,2022-06-07,269.50291,270.2,51.80971,272.5
259,2022-06-08,269.68433,271.07666,49.94984,270.41
258,2022-06-09,268.70546,270.95333,45.24625,264.79001
257,2022-06-10,265.56237,268.70333,37.30343,252.99001
256,2022-06-13,260.9019,265.41333,31.83137,242.25999
255,2022-06-14,257.61952,262.31,33.99832,244.49001
254,2022-06-15,256.44761,259.77444,40.62476,251.75999
253,2022-06-16,254.15209,256.99111,36.89865,244.97
252,2022-06-17,252.85167,254.64667,39.26644,247.64999
251,2022-06-21,253.02934,252.56222,44.37441,253.74001
250,2022-06-22,253.04947,250.64222,43.97545,253.13
249,2022-06-23,254.21157,249.98333,48.64608,258.85999
248,2022-06-24,256.90926,251.61778,54.89375,267.70001
247,2022-06-27,258.50541,254.13222,52.69901,264.89001
246,2022-06-28,258.10033,255.46445,46.68316,256.48001
245,2022-06-29,258.53227,256.40889,49.47494,260.26001
244,2022-06-30,258.19181,257.72667,47.06659,256.82999
243,2022-07-01,258.46945,259.05222,49.20162,259.57999
242,2022-07-05,259.34556,260.06445,51.69654,262.85001
241,2022-07-06,260.71845,261.51778,54.18638,266.20999
240,2022-07-07,262.25475,262.57778,55.7861,268.39999
239,2022-07-08,263.3358,262.57333,55.08616,267.66
238,2022-07-11,263.57065,262.53111,52.09007,264.51001
237,2022-07-12,261.59052,262.21889,43.35181,253.67
236,2022-07-13,259.81641,261.38111,42.67614,252.72
235,2022-07-14,258.66913,261.07555,44.02123,254.08
234,2022-07-15,258.2793,260.75778,46.63875,256.72
233,2022-07-18,257.47344,259.80222,44.5403,254.25
232,2022-07-19,257.88475,259.06,49.74561,259.53
231,2022-07-20,258.7618,258.37889,52.25022,262.26999
230,2022-07-21,259.97744,258.06556,54.53885,264.84
229,2022-07-22,260.05395,257.60444,50.03667,260.35999
228,2022-07-25,259.80916,258.17777,48.56228,258.82999
227,2022-07-26,258.22732,258.08666,42.45953,251.89999
226,2022-07-27,260.32986,259.71555,56.69961,268.73999
225,2022-07-28,263.54589,261.90333,61.38681,276.41
224,2022-07-29,266.98471,264.84666,63.77106,280.73999
223,2022-08-01,269.18977,266.89999,61.20503,278.01001
222,2022-08-02,270.31582,268.29444,58.25526,274.82001
221,2022-08-03,272.74665,270.25333,62.876,282.47
220,2022-08-04,274.92732,272.84111,63.54628,283.64999
219,2022-08-05,276.52386,275.51667,62.78075,282.91
218,2022-08-08,277.28309,278.67445,60.05387,280.32001
217,2022-08-09,278.28647,280.18111,61.43299,282.29999
216,2022-08-10,280.46117,281.59778,65.83417,289.16
215,2022-08-11,281.77294,282.29556,63.40341,287.01999
214,2022-08-12,283.80035,283.84,66.45159,291.91
213,2022-08-15,285.73428,285.91222,67.38488,293.47
212,2022-08-16,287.12942,287.05,66.4155,292.70999
211,2022-08-17,287.96754,287.90222,64.58553,291.32001
210,2022-08-18,288.40803,288.70889,63.03798,290.17001
209,2022-08-19,287.95643,289.35667,57.82216,286.14999
208,2022-08-22,285.91514,288.85111,48.74614,277.75
207,2022-08-23,284.02011,287.43778,47.4941,276.44
206,2022-08-24,282.37409,286.19,46.85109,275.79001
205,2022-08-25,281.66928,284.73889,50.2649,278.85001
204,2022-08-26,278.95342,281.91889,40.43081,268.09
203,2022-08-29,276.20874,278.86556,38.28667,265.23001
202,2022-08-30,273.56099,275.71556,36.63338,262.97
201,2022-08-31,271.14279,272.52667,35.53655,261.47
200,2022-09-01,268.99423,269.66556,34.73755,260.39999
199,2022-09-02,266.40739,267.25556,31.63106,256.06
198,2022-09-06,263.77591,264.67889,29.77447,253.25
197,2022-09-07,262.63873,262.71222,36.66954,258.09
196,2022-09-08,261.81498,260.45333,37.25892,258.51999
195,2022-09-09,262.34398,260.05,44.88905,264.45999
194,2022-09-12,263.20518,260.20777,47.42757,266.64999
193,2022-09-13,260.96215,258.98777,35.60468,251.99001
192,2022-09-14,259.21372,257.96,35.87476,252.22
191,2022-09-15,256.44698,256.29111,31.62651,245.38
190,2022-09-16,254.10558,255.03333,31.25358,244.74001
189,2022-09-19,252.18847,254.06333,31.11774,244.52
188,2022-09-20,250.24077,252.32555,29.80512,242.45
187,2022-09-21,247.98262,250.15111,27.67912,238.95
186,2022-09-22,246.58209,247.54222,30.76386,240.98
185,2022-09-23,244.84967,244.35,28.77167,237.92
184,2022-09-26,243.36974,242.73444,28.46675,237.45
183,2022-09-27,241.97779,240.97778,27.76554,236.41
182,2022-09-28,241.79623,240.49889,35.43945,241.07001
181,2022-09-29,240.93699,239.69444,32.58358,237.5
180,2022-09-30,239.32959,238.40333,29.30648,232.89999
179,2022-10-03,239.61167,238.21333,40.32291,240.74001
178,2022-10-04,241.46534,239.31667,49.17822,248.88
177,2022-10-05,243.01227,240.23,49.49549,249.2
176,2022-10-06,243.76782,241.21556,47.11013,246.78999
175,2022-10-07,241.86225,240.85889,37.08671,234.24001
174,2022-10-10,239.3398,240.06333,33.99003,229.25
173,2022-10-11,236.55384,238.32333,31.79022,225.41
172,2022-10-12,234.39307,237.01778,32.20856,225.75
171,2022-10-13,234.36246,237.16667,41.8066,234.24001
170,2022-10-14,233.20197,235.81333,37.93676,228.56
169,2022-10-17,234.06757,234.55222,46.37823,237.53
168,2022-10-18,234.95406,233.36333,47.21434,238.5
167,2022-10-19,235.25925,232.21778,45.61907,236.48
166,2022-10-20,235.4374,232.43,45.34949,236.14999
165,2022-10-21,236.77392,233.86,50.99168,242.12
164,2022-10-24,238.86913,236.28667,55.26557,247.25
163,2022-10-25,241.22731,239.05444,57.89413,250.66
162,2022-10-26,239.24585,238.73,42.60396,231.32001
161,2022-10-27,236.74668,238.52889,39.92095,226.75
160,2022-10-28,236.57134,238.34444,47.08291,235.87
159,2022-10-31,235.68307,237.63667,44.72813,232.13
158,2022-11-01,234.18046,236.71333,42.31494,228.17
157,2022-11-02,231.36437,234.93,37.83506,220.10001
156,2022-11-03,227.94149,231.83334,34.94673,214.25
155,2022-11-04,226.6312,228.96,40.879,221.39
154,2022-11-07,226.87896,226.42778,45.71711,227.87
153,2022-11-08,227.27716,226.15555,46.44546,228.87
152,2022-11-09,226.72373,225.90667,43.69277,224.50999
151,2022-11-10,229.97498,226.69667,55.67698,242.98
150,2022-11-11,233.40199,228.36111,57.83788,247.11
149,2022-11-14,235.03159,229.84778,54.01961,241.55
148,2022-11-15,236.41927,232.27778,54.26523,241.97
147,2022-11-16,237.48142,235.33111,54.08743,241.73
146,2022-11-17,238.32113,237.58555,54.04769,241.67999
145,2022-11-18,238.90091,239.06889,53.65719,241.22
144,2022-11-21,239.53073,240.53333,54.29883,242.05
143,2022-11-22,240.63058,242.81333,56.62107,245.03
142,2022-11-23,242.02046,243.32444,58.56148,247.58
141,2022-11-25,243.11437,243.36667,58.46209,247.49001
140,2022-11-28,242.8435,243.39,52.36776,241.75999
139,2022-11-29,242.3408,243.20778,50.94058,240.33
138,2022-11-30,244.90064,244.69778,62.37667,255.14
137,2022-12-01,246.85851,246.14333,61.90448,254.69
136,2022-12-02,248.49081,247.67667,62.13088,255.02
135,2022-12-05,248.83265,248.58222,56.81946,250.2
134,2022-12-06,248.09012,248.59222,51.79393,245.12
133,2022-12-07,247.34609,248.23556,51.07567,244.37
132,2022-12-08,247.35687,248.22555,53.85955,247.39999
131,2022-12-09,246.9695,248.63222,51.78586,245.42
130,2022-12-12,248.0776,249.98555,58.01891,252.50999
129,2022-12-13,249.84608,250.18333,61.36463,256.92001
128,2022-12-14,251.32086,250.46444,61.58889,257.22
127,2022-12-15,250.85869,249.79666,52.59186,249.00999
126,2022-12-16,249.62495,249.18444,48.57117,244.69
125,2022-12-19,247.78996,248.66555,44.93973,240.45
124,2022-12-20,246.59197,248.38,46.31599,241.8
123,2022-12-21,246.15957,248.05,48.99091,244.42999
122,2022-12-22,244.56566,247.24667,43.45803,238.19
121,2022-12-23,243.39853,245.71556,44.04694,238.73
120,2022-12-27,242.11082,243.49778,42.48494,236.96001
119,2022-12-28,240.59466,240.97667,40.36839,234.53
118,2022-12-29,240.67773,240.08778,47.832,241.00999
117,2022-12-30,240.50618,239.54667,46.67662,239.82001
116,2023-01-03,240.32095,239.45,46.43301,239.58
115,2023-01-04,238.07676,238.03889,37.28283,229.10001
114,2023-01-05,234.92341,235.58111,32.77617,222.31
113,2023-01-06,232.92472,234.10778,35.99131,224.92999
112,2023-01-09,231.76378,232.81778,38.63334,227.12
111,2023-01-10,231.18102,231.91667,40.71511,228.85001
110,2023-01-11,232.09882,232.05445,48.27388,235.77
109,2023-01-12,233.38105,231.77667,50.94106,238.50999
108,2023-01-13,234.55084,231.71111,51.64663,239.23
107,2023-01-17,235.71068,231.79667,52.78421,240.35001
106,2023-01-18,235.73054,232.54222,47.86811,235.81
105,2023-01-19,234.97043,233.61111,44.08886,231.92999
104,2023-01-20,236.02034,235.31,52.68437,240.22
103,2023-01-23,237.33228,237.02778,54.81406,242.58
102,2023-01-24,238.27382,238.49333,54.21277,242.03999
101,2023-01-25,238.74106,239.03111,52.56825,240.61
100,2023-01-26,240.59284,240.08555,59.41922,248.0
99,2023-01-27,242.10628,241.07778,59.55543,248.16
98,2023-01-30,242.22702,241.34,53.02657,242.71001
97,2023-01-31,243.34362,242.67333,57.69979,247.81
96,2023-02-01,245.22489,244.98667,61.6769,252.75
95,2023-02-02,249.09992,247.69556,69.16601,264.60001
94,2023-02-03,250.94993,249.44778,62.25574,258.35001
93,2023-02-06,252.11395,251.08445,60.60722,256.76999
92,2023-02-07,255.20316,254.07889,67.0282,267.56
91,2023-02-08,257.50853,256.16,66.1352,266.73001
90,2023-02-09,258.73082,257.87778,62.76108,263.62
89,2023-02-10,259.60466,260.14333,62.18978,263.10001
88,2023-02-13,261.94773,262.75556,67.2629,271.32001
87,2023-02-14,263.99218,264.91334,67.74485,272.17001
86,2023-02-15,265.05775,265.43778,64.32544,269.32001
85,2023-02-16,264.4762,265.86,56.58705,262.14999
84,2023-02-17,263.19296,266.00334,52.69295,258.06
83,2023-02-21,261.08837,264.34889,48.00456,252.67
82,2023-02-22,259.17269,262.65778,47.03462,251.50999
81,2023-02-23,258.29215,261.67445,50.08687,254.77
80,2023-02-24,256.47772,260.13222,45.30066,249.22
79,2023-02-27,255.21418,257.78111,46.23772,250.16
78,2023-02-28,254.05534,255.25333,45.57579,249.42
77,2023-03-01,252.49828,252.69222,42.76905,246.27
76,2023-03-02,252.22062,251.46556,48.06173,251.11
75,2023-03-03,252.8345,251.15778,52.17523,255.28999
74,2023-03-06,253.6416,251.62444,53.66893,256.87
73,2023-03-07,253.74327,251.91778,50.73139,254.14999
72,2023-03-08,253.73462,251.79889,50.24145,253.7
71,2023-03-09,253.4517,252.14333,48.68853,252.32001
70,2023-03-10,252.47936,251.96889,44.66954,248.59
69,2023-03-13,252.76749,252.46889,50.90578,253.92
68,2023-03-14,254.37199,254.08222,57.54745,260.79001
67,2023-03-15,256.58559,255.67444,61.35798,265.44
66,2023-03-16,260.50848,257.99778,68.42147,276.20001
65,2023-03-17,264.29278,260.50445,70.1834,279.42999
64,2023-03-20,265.88023,262.51334,61.89334,272.23001
63,2023-03-21,267.46018,264.74445,62.90906,273.78
62,2023-03-22,268.42615,266.96334,61.21977,272.29001
61,2023-03-23,270.27292,270.19334,64.88009,277.66
60,2023-03-24,272.33234,273.15445,66.71359,280.57001
59,2023-03-27,273.14187,274.88667,61.71739,276.38
58,2023-03-28,273.5595,275.97445,60.38083,275.23001
57,2023-03-29,274.9496,276.45334,64.21289,280.51001
56,2023-03-30,276.76968,276.96667,66.54897,284.04999
55,2023-03-31,279.07574,278.75222,69.15245,288.29999
54,2023-04-03,280.70659,280.24667,67.72338,287.23001
53,2023-04-04,282.00127,281.90111,67.65299,287.17999
52,2023-04-05,282.46902,282.64333,63.61061,284.34
51,2023-04-06,284.29522,283.86889,68.75094,291.60001
50,2023-04-10,285.31418,285.31445,65.70814,289.39001
49,2023-04-11,284.81734,286.15889,57.56399,282.82999
48,2023-04-12,284.55187,286.49,58.12633,283.48999
47,2023-04-13,285.60949,287.13333,63.18151,289.84
46,2023-04-14,285.7156,286.89333,58.7323,286.14001
45,2023-04-17,286.33248,287.06778,60.86589,288.79999
44,2023-04-18,286.73998,287.2,60.32295,288.37
43,2023-04-19,287.08199,287.65667,60.39375,288.45001
42,2023-04-20,286.88759,287.04666,57.18026,286.10999
41,2023-04-21,286.66207,286.64333,56.69438,285.76001
40,2023-04-24,285.68365,286.52555,51.33833,281.76999
39,2023-04-25,283.63093,285.62889,44.18426,275.42001
38,2023-04-26,285.97874,286.24333,62.0684,295.37
37,2023-04-27,289.74899,288.32,67.40216,304.82999
36,2023-04-28,293.25119,290.37111,68.6227,307.26001
35,2023-05-01,295.71295,292.28111,66.74002,305.56
34,2023-05-02,297.65236,294.16555,66.56649,305.41
33,2023-05-03,299.00189,296.19778,65.33463,304.39999
32,2023-05-04,300.28351,298.38111,66.01198,305.41
31,2023-05-05,302.35681,301.59,69.35731,310.64999
30,2023-05-08,303.61545,305.28222,66.66041,308.64999
29,2023-05-09,304.29236,306.57444,64.4344,307.0
28,2023-05-10,305.89588,307.40555,68.12355,312.31
27,2023-05-11,306.73871,307.72222,65.11012,310.10999
26,2023-05-12,307.18496,308.10111,63.54164,308.97
25,2023-05-15,307.63997,308.55111,63.9437,309.45999
24,2023-05-16,308.45997,309.36666,65.83187,311.73999
23,2023-05-17,309.56798,310.32111,67.64079,314.0
22,2023-05-18,311.35838,311.19555,70.95295,318.51999
21,2023-05-19,312.7547,312.27222,70.64286,318.34
20,2023-05-22,314.43976,313.84777,72.67225,321.17999
19,2023-05-23,314.60381,314.17555,62.90983,315.26001
18,2023-05-24,314.45305,314.59111,60.81437,313.85001
17,2023-05-25,316.74644,316.47444,70.02018,325.92001
16,2023-05-26,319.97516,319.07778,73.84184,332.89001
15,2023-05-30,322.22212,321.24111,71.47671,331.20999
14,2023-05-31,323.4557,322.84,67.56481,328.39001
13,2023-06-01,325.28056,324.40223,70.17656,332.57999
12,2023-06-02,327.30445,326.29778,71.82117,335.39999
11,2023-06-05,329.03156,327.93778,72.13801,335.94
10,2023-06-06,329.96124,329.98445,68.65851,333.67999
9,2023-06-07,328.645,331.04333,55.51591,323.38
8,2023-06-08,327.968,330.97,57.129,325.26001
7,2023-06-09,327.7324,330.29222,58.44952,326.79001
6,2023-06-12,328.55592,330.36334,62.55718,331.85001
5,2023-06-13,329.70274,331.01889,64.38557,334.29001
4,2023-06-14,331.23019,331.54778,66.58227,337.34
3,2023-06-15,334.60415,332.95889,72.9266,348.10001
2,2023-06-16,336.14932,333.66889,65.72112,342.32999
1,2023-06-20,336.52945,334.15445,60.91338,338.04999
0,2023-06-21,336.10964,335.38227,57.10852,334.43039
